agent_firm_name,Occurences
None ,276
"Fragomen, Del Rey, Bernsen & Loewy, LLP",238
Berry Appleman & Leiden LLP0,130
"Fragomen, Del Rey, Bernsen & Loewy LLP ",31
Erickson Immigration Group ,21
"Fragomen, Del Rey, Bernsen, & Loewy, LLP",21
"Ogletree, Deakins, Nash, Smoak & Stewart, P.C.0",20
Pearl Law Group0,20
"FRAGOMEN, DEL REY, BERNSEN & LOEWY, LLP",18
Fakhoury Law Group,17
Murthy Law Firm,17
Ogletree Deakins,17
"Ramineni Law Associates, LLC",17
Seyfarth Shaw LLP ,17
"Morgan, Lewis & Bockius LLP",14
Egan LLP ,13
Tafapolsky and Smith LLP,13
Cohen & Grigsby P.C. 0,10
"Kempster, Corcoran, Quiceno & Lenz-Calvo, LTD0",10
"Law Office of Keshab Raj Seadie, P.C.0",10
"Fragomen, Del Rey, Bernsen & Loewy",9
Jackson & Hertogs LLP ,9
Kramer Levin Naftalis & Frankel LLP,9
"Tadmor & Tadmor, LLP",9
"Dana Michael Ritter, PC",8
Sidley Austin LLP,8
Zulkie Partners LLC,8
Duane Morris LLP,7
Foster LLP,7
Tafapolsky & Smith LLP,7
"Epstein, Becker & Green, P.C.",6
"FosterQuan, LLP ",6
"Goel & Anderson, LLC",6
"Greenberg Traurig, LLP",6
"Pasricha & Patel, LLC ",6
Shah and Kishore,6
The Chugh Firm,6
"VISANOW, P.C.",6
"Alan C. Chen, P.C. ",5
"Fragomen, Del Rey, Bernsen & Loewy, LLP.",5
"Fragomen, Del Rey, Bernsen and Loewy, LLP",5
"Hammond Law Group, LLC",5
"K. K. RASTOGI, ESQ.",5
LAW OFFICE OF RAJAGURU NALLIAH INC.,5
"Law Offices of Amarnath Gowda, LL.B., J.D. ",5
Law Offices of Harvey Shapiro,5
"Siegel, Gross & Tou, P.C.",5
US MANTECH INC. ,5
EY Law LLP,4
Faegre Baker Daniels LLP ,4
"Fragomen, Del Rey, Bernsen, and Loewy LLP",4
"Fragomen, Del Rey, Bernsen, and Loewy, LLP ",4
"Gibney, Anthony & Flaherty, LLP",4
Gokare Law Firm ,4
"Graham Adair, Inc. ",4
Immigration Law Group LLP,4
"Joseph Kallabat & Associates, P.C.",4
"Klasko Immigration Law Partners, LLP ",4
Larrabee Albi Coker LLP,4
Law Office of Samira Recob,4
"Law Office of Thomas V. Allen, PLLC",4
Law Offices of Kevin M. Wilhelmi,4
Law Offices of Rakesh Mehrotra ,4
"Ramirez & Associates, P.C.",4
"Reddy & Neumann, P.C. ",4
"Simin H. Syed, P.C.",4
Simmons & Ungar LLP,4
Stone Grzegorek & Gonzalez LLP ,4
The Law Offices of Morley J. Nair ,4
Weaver Schlenger Mazel LLP,4
"Akula & Associates, P.C. ",3
"Alan E. Heckler, PC",3
BARST MUKAMAL & KLEINER LLP ,3
"Chin & Curtis, LLP ",3
Clark Hill PLC,3
Cowan Miller & Lederman,3
ERICKSON IMMIGRATION GROUP,3
"Fragomen, Del Rey, Bernsen & Lowey, LLP ",3
"Fragomen, Del Rey, Bernsen and Loewy LLP",3
Garfinkel Immigration Law Firm ,3
"Garganigo, Goldsmith & Weiss",3
Global Immigration Partners ,3
Greenberg Traurig LLP ,3
Harry Gee & Associates PLLC ,3
Hunton & Williams LLP ,3
"JA Immigration, Inc.",3
Jackson Lewis PC,3
Ji Law Firm APC ,3
KPMG Law LLP ,3
"Kidambi & Associates, P.C.",3
LAW OFFICES OF GARRET A. LUNGIN,3
Law Offices of David Piver,3
Law Offices of Jim Kahng ,3
"Law Offices of Rajiv S. Khanna, PC",3
Law Offices of Weicheng Wang,3
Littler Mendelson PC,3
Meyer Law Group LLC,3
"Ogletree, Deakins, Nash, Smoak, and Stewart, P.C.",3
PwC Law LLP,3
Taki Law Offices,3
"The Irwin Law Firm, LLC",3
Thompson Coburn LLP,3
"US Mantech, Inc.",3
USA GLOBAL CONSULTING LLC,3
Younossi Law ,3
ANTONIA CANERO P.A. DBA CANERO IMMIGRATION LAW FIRM ,2
Anil Ali P.C.,2
"Antone, Casagrande & Adwers, P.C. ",2
Arnall Golden Gregory LLP,2
Attorney,2
Bay Area Immigration Services,2
"Berry Appleman & Leiden, LLP",2
"Bordeau Immigration Law, LLC",2
Boulette & Golden L.L.P. ,2
Brown Immigration Law PC LLO,2
"Bu Law Group, P.C. ",2
"Caplan and Earnest, LLC",2
"Challa Law Office, PC.",2
"Challa Law Offices, PLC",2
Chronis & Kreher LLP,2
Clement and Hurst PLC ,2
"Cohen & Grigsby, P.C. ",2
Curley Immigration Law PC LLO,2
"David M. Sturman, APC ",2
Davis and Goldfarb PLLC,2
Dinsmore & Shohl LLP,2
Elarbee Thompson,2
"Fan, Fitzpatrick & Thompson, LLP",2
Fennemore Craig PC ,2
"Fragomen, Del Rey, Bernsen, & Loewy",2
"Fragomen, Del Rey, Bersen & Loewy, LLP",2
Gibney Anthony & Flaherty LLP,2
"Global Immigration Associates, P.C.",2
"Global Immigration Partners, Inc. ",2
Goel & Anderson LLC,2
Hammond Law Group LLC ,2
Honigman Miller Schwartz and Cohn LLP,2
"International Legal and Business Services Group, LLP",2
"Irani & Wise, PLC",2
"JMO Firm, PLLC",2
Jackson Lewis LLP,2
Jackson Lewis P.C. ,2
"Jaffe Raitt Heuer & Weiss, P.C.",2
James C.T. Hsia & Associates,2
"Ji Law Firm, APC.",2
"John J. Boudia & Associates, P.L.C.",2
"Karen L. Varela, P.A. ",2
Kuck Immigration Partners LLC,2
"LAW OFFICE OF DANIEL ROEMER,P.C.",2
LAW OFFICE OF STEVEN MARKAN LLC,2
LAW OFFICE OF YUNSUNG CHOI PC,2
Lamboley Law Firm,2
Lamboley Law Firm LLC ,2
Law ,2
Law Office of Daphne L. Wang,2
Law Office of David M Sturman,2
Law Office of David Piver,2
Law Office of Indu Liladhar-Hathi ,2
"Law Office of Leila Freijy, PLLC",2
Law Office of Matthew I. Hirsch,2
"Law Offices of Amarnath Gowda, P.C.",2
Law Offices of Dakshini R. Sen P.C.,2
Law Offices of Gary J. Kim,2
"Law Offices of Hongmee Lee, LLC",2
Law Offices of John and Song,2
"Law Offices of Kamlesh Tewary, P.C.",2
Law Offices of Kavitha Ramasami,2
Law Offices of Marin K. Ritter LLC,2
"Law Offices of Yong Men, P.C.",2
"MONTY & RAMIREZ, LLP",2
MacDonald Hoague & Bayless,2
"Maggio & Kattar, P.C. ",2
"Malik & Popiel, P.C.",2
"Mannam & Associates, LLC ",2
Martin & Associates,2
Masuda Funai Eifert & Mitchell Ltd.,2
"Masuda, Funai, Eifert & Mitchell, Ltd.",2
McCandlish Holton PC,2
"McCandlish Holton, PC ",2
McCown & Evans LLP ,2
Miles & Stockbridge P.C. ,2
Mintz Levin Cohn Ferris Glovsky & Popeo PC ,2
"MusilloUnkenholt, LLC ",2
"Nair Law Group, A Professional Corporation ",2
"New York Technology Partners, Inc.",2
Ogletree Deakins Law Firm,2
"Ogletree, Deakins, Nash, Smoak & Stewart",2
Porter Wright Morris & Arthur LLP ,2
Proskauer Rose LLP ,2
"Puyang & Associates, LLC ",2
"Rai & Associates, Attorneys at Law",2
"Reddy & Neumann, P.C",2
Rifkin & Fox-Isicoff P.A.,2
"Roby Law Associates, PLLC",2
Rose Carson Kaplan Choi & White LLP,2
"Ryu & Ryu, PLC",2
"SMITH, GAMBRELL & RUSSELL, LLP ",2
"Saltzman & Evinch, PLLC",2
"Sam Shihab & Associates, LLC",2
Serotte Law LLC ,2
Seth Law Associates,2
"Sikal & Associates, LLC",2
"Sikal & Associates, LLC. ",2
"Smith, Gambrell & Russell, LLP ",2
Stern & Curray LLC ,2
Stinson Leonard Street LLP,2
"Tocci & Lee, LLC",2
"VAG LAW, LLC ",2
Vercruysse Murray P.C.,2
"Vorys, Sater, Seymour and Pease LLP",2
Whiteman Osterman & Hanna LLP,2
"Zhang & Yan, P.C.",2
ABRAMS AND ABRAMS LLP ,1
"ALG Lawyers, Inc.",1
ANIL ALI PC,1
"ANUPA MUKHOPADHYAY, ESQUIRE ",1
Akanksha Kalra Attorney at Law ,1
Alaska Immigration Law Center,1
Alphen & Santos PC ,1
"Alston & Bird, LLP ",1
Antonia Canero P.A. DBA Canero Immigration Law Firm ,1
Antonini & Cohen Immigration Law Group,1
"Armstrong Law, LLC ",1
"Ashley & Krishnan, PC ",1
"Asif Law Firm, LLC ",1
Associate Attorney ,1
Athena Management & Immigration Services,1
Attorney At Law ,1
Attorney at Law ,1
"BAUMANN, KONDAS and XU, LLC ",1
"BBI LAW GROUP, P.C.",1
BCF LLP,1
BUTZEL LONG PC,1
"Baron & Shelkin, P.C. ",1
Bashyam Spiro & Coats LLP,1
Bay Area Immigration Services Inc.,1
"Bedi & Martinez, Esqs.",1
Behar Law Group ,1
Bell Nunnally & Martin,1
Berry Appleman & Leidman LLP,1
Berry Appleman and Leiden LLP,1
"Berry, Appleman & Leiden LLP",1
Bhagat & Associates,1
"Bhuchar Law, PC ",1
Boulette & Golden LLP ,1
Braverman & Lin ,1
Brew & Associates PC,1
Bryan Cave LLP,1
Burr & Forman LLP,1
"Butzel Long, a professional corporation ",1
"CBI Immigration Law, PC",1
CHUGH LLP (Previously Known as The Chugh Firm),1
CPG Immigration Law Group,1
Chamberlain Hrdlicka White Williams & Aughtry ,1
Chao Law Firm PLLC ,1
Chirayilparambu Law Group P.C. ,1
Cho & Associates,1
Chugh LLP ,1
"Chugh, LLP",1
Chun Fruto Law Corporation,1
Clark Lau LLC,1
Clay Chapman Iwamura Pulice & Nervell,1
"Cohen, Fluhr, GonzÃ¡lez & Pinillos, P.C.",1
"Collins & Martin, PC",1
"Constangy, Brooks, Smith & Prophete, LLP",1
"Cordero & Associates, P.A.",1
"Costa & Riccio, LLP",1
Credence Support Services Inc,1
Cyrus D. Mehta & Partners PLLC ,1
"DAVID J. HART, P.A.",1
DAVIS & DAVIS P.C. ,1
"DORNBAUM & PEREGOY, ESQ. ",1
DORNBAUM &PEREGOY,1
David Z. Lu & Associates ,1
"Davidson & Schiller, LLC ",1
Davis & Goldfarb PLLC ,1
Davis Wright Tremaine LLP,1
"Dehai Tao, P. C.",1
"Dehai Tao, P.C. ",1
"Devore Law Group, P.A.",1
DiRaimondo & Schroeder LLP,1
"Ditrani Law, LLC",1
Dorsey & Whitney LLP,1
Dutt Law Group,1
Dyer Harris LLP ,1
ELLIS PORTER PLC,1
"EMANDI LAW FIRM, P.C. ",1
"EPSTEIN, BECKER & GREEN, P.C.",1
"Eckert Seamans Cherin & Mellott, LLC ",1
"Ellick, Jones, Buelt, Blazek and Longo",1
Emandi Law Firm P.C.,1
FLETCHER TILTON P.C.,1
"FRAGOMEN, DEL RE, BERNSEN, LOEWY LLP ",1
"FRAGOMEN, DEL REY, BERNSEN & LOEWY LLP",1
"Fakhoury Law Group, PC",1
"Fan, Fitzaptrick & Thompson, LLP",1
Fehmel & Associates,1
"Finnan, Fleischut & Associates ",1
Fisher & Phillips LLP ,1
"Fisher & Phillips, LLP",1
"Fowler White Burnett, P.A.",1
Fragomen Del Rey Bernsen & Loewy LLP ,1
"Fragomen Del Rey Bernsen & Loewy, LLP",1
"Fragomen Partners, LLP",1
"Fragomen, Del Rey, BErnsen & Loewy, LLP ",1
"Fragomen, Del Rey, Bernsen &Loewy LLP ",1
"Fragomen, Del Rey, Bernsen & Leowy",1
"Fragomen, Del Rey, Bernsen & Loewy PLLC ",1
"Fragomen, Del Rey, Bernsen & Loewy, PLLC",1
"Fragomen, Del Rey, Bernsen, Loewy, LLP",1
"Fraogmen, Del Rey, Bernsen & Loewy LLP",1
Fraser Stryker PC LLO ,1
"Fredrikson & Byron, P.A. ",1
"GUERRERO & CHAN, LLP",1
Galab Dhungana Esquire P. C.,1
Garganigo Goldsmith & Weiss ,1
Garvey Schubert Barer ,1
"Garvish Immigration Law Group, LLC",1
"Gibney Anthony & Flaherty, LLP ",1
"Gibney, Anthony & Flaherty LLP ",1
"Gibney, Anthony, & Flaherty, LLP",1
Gleckman & Sinder,1
"Glinsmann & Glinsmann, Chartered",1
Global Immigration Partners Inc.,1
"Gloria Roa Bodin, P.A.",1
Golchin Law Office ,1
Goldblum & Hess ,1
Graves & Graves PC ,1
"Graves & Graves, P.C. ",1
Green Card USA Through Job Offer,1
Grell Feist Prince PLC,1
"Groupon, Inc.",1
Gurnani & Gurnani,1
HA & KIM Attorneys At Law PC,1
HANES AND BARTELS LLC ,1
Habbu & Park Inc. (A Law Corporation),1
"Hallett Law Offices, Ltd.",1
Halpern Immigration Law,1
Hammond Law Group,1
Hammond Young Immigration Law LLC ,1
Han & Associates,1
"Harry D. Polatsek, P.A.",1
Hassonjee Law Firm ,1
"Haynes and Boone, LLP ",1
Healy & Bokshan LLC,1
Helen Tarokic Law PLLC,1
Higgs Fletcher & Mack LLP,1
"Higgs, Fletcher, & Mack LLP ",1
"High Tech Immigration Law Group, PLLC",1
Hirsch Roberts Weinstein LLP,1
Huang Law Offices,1
Huang Law Offices LLC ,1
Hussain & Bendersky,1
Hussain & Bendersky LLC,1
Hyder and Overas,1
Hykel Law ,1
"Iandoli & Desai, P.C. ",1
"Immigration Law Group, P.C. ",1
Immigration Law Office of Myung Park ,1
Immigration and Nationality Law,1
"Inderjit K. Sidhu, ESQ LLC",1
"Inderjit K. Sidhu, ESQ LLC. ",1
International Legal and Business Services Group LLP ,1
"JCS Immigration & Visa Law Office, APC",1
"JSW & Associates, LLC ",1
JURISPRUDENCIA LAW OFFICE,1
"Jackson Lewis, PC",1
"James D. Pearson, P.C.",1
Jensen & Jensen ,1
Jensen & Jensen PLLC,1
Jewell Stewart & Pratt PC,1
"Jiunn-Liang Sheu, Esq.",1
"John J. Boudia & Associates, P.L.C",1
"KHAVINSON & ASSOCIATES, P.C.",1
"Kapoor Luther & Loftman Immigration Partners, LLC",1
Karam Law ,1
"Karen L. varela, P.A. ",1
Kevin Beigel Professional Corp.,1
"Khavinson & Associates, P.C.",1
"Kingston, Martinez & Hogan, LLP",1
"Klasko Immigration Law Partner, LLP",1
Klasko Immigration Law Partners LLP,1
"Kramer & Alfano, P.C. ",1
"Kramer & Associates, P.C.",1
"Kuck Immigration Partners, LLC ",1
LAW FIRM OF JULIETTE TOPACIO SARMIENTO,1
LAW OFFICE OF DAVID M. STURMAN ,1
LAW OFFICE OF DAVID WILLIAMS,1
LAW OFFICE OF GLENN N KAWAHARA ,1
"LAW OFFICE OF KESHAB RAJ SEADIE, P.C.",1
LAW OFFICE OF LAUREN J. KWON,1
LAW OFFICE OF MARCIA KASDAN ,1
LAW OFFICE OF RICHARD J. LIND,1
LAW OFFICE OF S.K. GUPTA ,1
LAW OFFICE OF YOUNGMEE LEE LLC ,1
LAW OFFICES OFANTONIA CANERO P.A.,1
LAW OFFICES OF ANA OCHOA COHEN ,1
LAW OFFICES OF DAVID Y. KIM ,1
LAW OFFICES OF HYDER & OVERAS,1
LAW OFFICES OF JAMES S. HONG,1
LAW OFFICES OF JONATHAN K PARK ,1
"LAW OFFICES OF JOSEPH RUOTOLO, LLC",1
LAW OFFICES OF MELANIE M YANG,1
LAW OFFICES OF TERESA CAI,1
LAW OFFICES OF WITER DESIQUEIRA,1
"LI, LATSEY & GUITERMAN, PLLC",1
"Lamboley Law Firm, LLC",1
Landis Arn and Jaynes PA ,1
"Laner Muchin, Ltd. ",1
Latimer LeVay Fyock LLC,1
Law Office Dana Michael Ritter ,1
Law Office Neelam BhardwajPLLC,1
"Law Office Neelam Bhardwaj, PLLC",1
Law Office of Ada Lil Torres,1
Law Office of Alan Wang,1
Law Office of Alice Y. Yao Esq.,1
Law Office of Charlene S. Chang,1
Law Office of David M. Sturman ,1
Law Office of Garrett White ,1
Law Office of George Owen Feldman ,1
Law Office of Heidi J Meyers,1
Law Office of Hyung Sig Kim ,1
Law Office of J. Bradley Ortins,1
Law Office of J. Gregory Clare ,1
Law Office of Janice Radler Olson ,1
Law Office of Jason Mills,1
Law Office of Jeannette Mirabal,1
Law Office of Jessica L. Wang,1
Law Office of Jessie Ho,1
"Law Office of Jocelyne J. Kim Lew, A Professional Corporation",1
Law Office of John N. Tsuchida ,1
Law Office of Kalpana V. Peddibhotla ,1
Law Office of Kyung S. Seo,1
"Law Office of Linda M. Hoffman, P.C. ",1
Law Office of Lisa H. Enfield,1
"Law Office of Marina Serebryanaya, P. C.",1
Law Office of Michael D. Ullman,1
"Law Office of Nancy A, BertÃ©",1
Law Office of Ning Gan,1
"Law Office of Paul O'Dwyer, P.C.",1
Law Office of Peter D. Chu,1
Law Office of Richard A. Nemwan,1
Law Office of Ruqiang Xu ,1
"Law Office of Soo Park, PLC ",1
Law Office of Tracy E. Hong ,1
"Law Office of Wie, LLC",1
Law Office of Yaran Pan,1
"Law Office of Yong Il Jeong, P.C. ",1
"Law Offices Of Prashanthi reddy, PLLC",1
"Law Offices ofYuexin Li, LLC ",1
Law Offices of Adam Green,1
Law Offices of Alex C. Park ,1
Law Offices of Amelia L. Ramer ,1
Law Offices of Aruna Venkidu & Raj,1
Law Offices of Bharati Shah ,1
Law Offices of Brelje and Associates P.C.,1
Law Offices of Carl Shusterman ,1
Law Offices of Charles Small,1
"Law Offices of Cheol Jeon, P.C.",1
Law Offices of David E. Piver,1
Law Offices of Frederick P. Korkosz,1
"Law Offices of Gilbert C Ferrer, PLLC",1
Law Offices of Glenn N Kawahara,1
"Law Offices of Hwang & Weiss, P.C.",1
"Law Offices of Hye Jung Park, LLC ",1
Law Offices of Isaac Lee ,1
Law Offices of Jacqueline A. Wood ,1
Law Offices of James A. Bach,1
Law Offices of James S Hong ,1
Law Offices of James S. Hong,1
Law Offices of James S. Hong & Associates,1
Law Offices of John Y. Tu,1
Law Offices of Kamlesh Tewary,1
"Law Offices of Kendra S. Elliott, Esq.",1
"Law Offices of Kim & Cha, LLP",1
Law Offices of Kyoung S Seo ,1
"Law Offices of Kyung Hee Lee, PC",1
Law Offices of Lee & Associates,1
"Law Offices of Li & Associates, PLLC ",1
Law Offices of Mahesh Bajoria,1
Law Offices of Manfred Schroer ,1
Law Offices of Mao-Sen Yieh ,1
Law Offices of Mark A. Urbanski,1
Law Offices of Mark C. Kalish,1
Law Offices of Mathew M Chacko PC ,1
Law Offices of Mawby and Litz,1
Law Offices of Michael J Zhang ,1
Law Offices of Miller and Choe PC ,1
Law Offices of Modesto L. Balahadia,1
"Law Offices of Moneque S. Walker, P.A.",1
Law Offices of Nadadur S. Kumar,1
Law Offices of Priscilla J. Cortez,1
Law Offices of Pujie Zheng,1
"Law Offices of Ronald S. Shapiro, Ltd.",1
Law Offices of Sandra I Murado P.A.,1
Law Offices of Sirota & Associates PA,1
Law Offices of Stanley Chao ,1
Law Offices of Susheela Verma,1
Law Offices of Talar Iskanian,1
Law Offices of Teresa Cai,1
Law Offices of Tina Sharma,1
Law Offices of Winnie G. Wang,1
"Law Offices of Yang & Associates, PLLC",1
Law office of Glenn N. Kawahara,1
"Law office of Thomas V. Allen, PLLC",1
"Law offices of Sheeba Khan, PLC",1
LeClairRyan PC,1
Lechtenberg & Associates LLC,1
Lee Immigration Law Group,1
"Leete, Kosto & Wizner, LLP",1
Leibl & Kirkwood,1
Leibl and Kirkwood ,1
Leung Law Office,1
"Lichtman & Elliot, PC ",1
"Lipman & Wolf, LLP ",1
Littler Mendelson,1
"Littler Mendelson, P.C.",1
"Littler Mendleson, P.C.",1
Litwin & Associates,1
"Loke Walsh Immigration Law, PC ",1
Lowenbaum Law,1
"Lucy Lu & Associates, LLC",1
MAJOY LLC ,1
"MALIK & POPIEL, P.C.",1
"MASUDA, FUNAI, EIFERT & MITCHELL, LTD.",1
MAYZEL LAW GROUP,1
"MILEY & BROWN, P.C.",1
MURTHY LAW FIRM ,1
"MVP Law Group, PA",1
"Madan & Saigal, LLC",1
"Maggio & Kattar, PC",1
Maggio + Kattar ,1
"Maite Hoyos, P.A.",1
"Malitzlaw, Inc. ",1
"Marcin Muszynski, Esq.",1
"McClellan Immigration Law Offices, P.C. ",1
"McCrummen Immigration Law Group, LLC ",1
McKinney Immigration Law ,1
"McNair Law Firm, P.A. ",1
Meyer Law Group ,1
"Meyers & Meyers, LLP",1
Meyner and Landis LLP ,1
Miami University,1
"Miller & Associates, P.C.",1
"Miller Mayer, LLP",1
"Minsky, McCormick & Hallagan, P.C.",1
Mintz Levin Cohn Ferris Glovsky & Popeo P.C.,1
Mirae Law LLC,1
Mitchell Silberberg & Knupp LLP,1
Miyamoto & Florey LLP ,1
"Moore & Van Allen, PLLC",1
"Musillo Unkenholt, LLC",1
"NABLI & ASSOCIATES, P.C. ",1
"NAIR LAW GROUP, A.P.C.",1
NARGIZIAN LAW FIRM ,1
NELSON MULLINS RILEY & SCARBOROUGH LLP,1
"NPZ LAW GROUP, P.C.",1
"NPZ Law Group, P.C.",1
"Nathan Waxman, PLLC.",1
Nguyen Jazrawi & Chen PLLC,1
OGLETREE DEAKINS,1
"OSJA, Ad Law/Immigration ",1
"Oden & Dillard, PLLC",1
"Ogletree, Deakins, Nash, Smoak & Stewart P.C",1
"Ogletree, Deakins, Nash, Smoak & Stewart P.C. ",1
"Ogletree, Deakins, Nash, Smoak & Stewart PC",1
"Ogletree, Deakins, Nash, Smoak & Stewart, PC",1
"Ogletree, Deakins, Nash, Smoak and Stewart, P.C. ",1
Old Dominion University,1
"Olga Y. Zullig, Attorney At Law",1
"Orbit Law, PLLC ",1
"Ozisik, PLLC ",1
"POPKIN, SHAMIR & GOLAN",1
PROSKAUER ROSE LLP ,1
"Parwani Law Firm, P.C.",1
"Pasricha @ Patel, LLC ",1
"Perman Law Firm, PLLC ",1
"Perry & Leveridge, Attorneys at Law, PC ",1
"Peter J. Jaensch Immigration Law Firm, P.A.",1
Peterson Russell Kelly PLLC ,1
Piston & Carpenter P.C.,1
"Polsinelli, PC",1
Princeton Law Group,1
Pryor Cashman LLP,1
Quarles & Brady LLP,1
Rab & Khan LLP,1
"Rahal Immigration Law, Plc",1
"Rajan Law, LLC",1
"Ralph Ehrenpreis, A Professional Law Corporation ",1
"Rambana & Ricci, PLLC ",1
"Ramchand & Raval, P.C.",1
"Ray Law International, P.C. ",1
Reddy & Neumann P.C.,1
"Reddy & Neumann,P.C",1
"Richard W. Pierce, PC ",1
Richards Coleman Immigration Group,1
Richards Coleman Immigration Group LLC,1
"Rifkin & Fox-Isicoff, P.A.",1
Robinson & Cole LLP,1
"Rodio & Brown, Ltd.",1
"Rose Carson Kaplan Choi & White, LLP ",1
Rose Carson LLP ,1
"Ryan, Swanson & Cleveland, PLLC",1
SCHWARTZ POSEL Immigration Law Group ,1
SHARMA YASKHI & ASSOCIATES LLP ,1
"SIMON TSANG, ESQ.",1
SMITH MOORE LEATHERWOOD LLP ,1
"STRANG, PATTESON, RENNING, LEWIS & LACY, S.C. ",1
"SW Law Group, P.C. ",1
Sarmiento Immigration Law Firm ,1
Schoener & Associates PC ,1
Serratelli Mijal PLLC ,1
"Seyfarth Shaw, LLP ",1
"Sharma Yaskhi & Associates, LLP",1
"Sharma Yaskhi Sokolov & Susheelan, LLP",1
Sharon & Kalnoki LLC,1
Sherman Immigration Lawyers PC ,1
"Sherman Immigration Lawyers, P.C. ",1
"Shin & Associates, PC ",1
Shirley L. Wong Ltd.,1
"Simin H. Syed, PC",1
"Slowik & Robinson, LLC",1
SmartWorks LLC,1
SmithDehn LLP,1
"Sostrin Immigration Lawyers, LLP",1
"Starley & Associates, LLC",1
Stearns Weaver Miller ,1
"Steel, Doebley & Glassman, P.C.",1
"Stephanie Marks & Associates, LLC ",1
"Stiller Kim, PC ",1
Subhani & Subhani LLC ,1
"Sullivan Law Firm, S.C.",1
Susan Bond PC,1
TAKI LAW OFFICES,1
TAN LAW OFFICES ,1
THE AHLUWALIA FIRM ,1
THE LAW OFFICE OF ARON HASSON,1
"THE LAW OFFICES OF RICHARD KASSEL, LLC",1
TLA Law,1
"Tammy M. Lee, Esq. ",1
The Amdur Law Firm PLLC,1
The Chugh Firm APC ,1
The Chugh Firm APC.,1
The Dworsky Law Firm,1
The Hernandez Law Firm,1
"The Hernandez law Firm, PLLC",1
"The Khosla Immigration Law Group, P.C.",1
The Law Office of Aron Hasson,1
"The Law Office of Goss & Associates, LLC",1
The Law Offices ofB. Tomasz Maj ,1
The Law Offices of Michael Zamel Goldman,1
"The Lewis Law Group, APLC",1
"The Lowenbaum Partnership, LLC ",1
"The Seltzer Firm, PLLC",1
The Sharma Law Office ,1
Thompson Hine LLP,1
Tonkon Torp LLP ,1
Tooma and Ozisik LLP,1
"TransNational Legal Service, P.C. ",1
"Trillos-Ballerini Law Firm, P.C.",1
Trupti N Patel and Associates,1
Trupti N. Patel & Associates,1
Tueth Keeney Cooper Mohan & Jackstadt P.C. ,1
"U.S. Immigration Law Group, LLP",1
UNION LEGAL SERVICE CENTER LLC ,1
US Law Group ,1
"USILAW, INC. ",1
"USILAW, Inc. ",1
"VENTRESCA & VENTRESCA, LLP",1
"VUJJINI & ASSOCIATES,LLC ",1
Varnum LLP,1
Vedder Price P.C.,1
"WASEEM LAW GROUP, PLLC",1
"WITHERS BERGMAN, LLP",1
WKC Law,1
WOODROW BYUN LAW OFFICE,1
Waller Lansden Dortch and Davis LLP,1
Watts and Watts ,1
Weaver Schlenger LLP,1
Webber Law Firm ,1
"Webber Law Firm, LLC",1
Weiss Immigration Law Group LLC,1
"Wildes & Weinberg, P.C.",1
Williams Mullen ,1
Willy Nanayakkara Rivera goins ,1
"Willy, Nanayakkara, Rivera & Goins",1
Wolfsdorf Rosenthal LLP,1
"Wormser, Kiely, Galef & Jacobs LLP",1
"Wyatt, Tarrant & Combs, LLP ",1
"Xie Law Offices, LLC",1
"YU, SOUTH & ASSOCIATES PLLC ",1
Youngok S. Kim & Associates PLC,1
"Youngok S. Kim and Associates, PLC.",1
"Zhang & Yan, P. C. ",1
"Zhang and Attorneys, LP",1
law offices of kiang and kiang ,1
