employer_name,occurrences
COGNIZANT TECHNOLOGY SOLUTIONS US CORPORATION,126
MICROSOFT CORPORATION  ,39
GOOGLE INC.,37
AMAZON CORPORATE LLC 3,33
INTEL CORPORATION 2,32
INFOSYS LTD.2,22
"ORACLE AMERICA, INC. 0",20
APPLE INC. ,16
QUALCOMM TECHNOLOGIES INC.,15
"CISCO SYSTEMS, INC. ",14
"FACEBOOK, INC.",13
DELOITTE CONSULTING LLP 1,11
WIPRO LIMITED,9
"CAPITAL ONE SERVICES, LLC",8
EBAY INC. ,8
"VMWARE, INC. ",8
WAYNE FARMS LLC ,8
CAPGEMINI FINANCIAL SERVICES USA INC.,7
ERNST & YOUNG U.S. LLP,7
HCL AMERICA INC.,7
"IGATE TECHNOLOGIES, INC. ",7
"RANDSTAD TECHNOLOGIES, LP",7
SALESFORCE.COM  ,7
BLOOMBERG L.P.  ,6
EPIC SYSTEMS CORPORATION ,6
"SYNOPSYS, INC.  ",6
TECHNOSOFT CORPORATION,6
YAHOO! INC.  ,6
BROADCOM CORPORATION  ,5
"COMPUNNEL SOFTWARE GROUP, INC. ",5
EMC CORPORATION ,5
JP MORGAN CHASE & CO  ,5
"KOCH FOODS OF ALABAMA, LLC  ",5
MINDTREE LIMITED,5
PRICEWATERHOUSECOOPERS,5
SANDISK CORPORATION,5
SYMANTEC CORPORATION  ,5
"V-SOFT CONSULTING GROUP, INC.  ",5
"WAL-MART ASSOCIATES, INC.",5
"A2Z DEVELOPMENT CENTER, INC.",4
ACCENTURE LLP,4
ADOBE SYSTEMS INCORPORATED  ,4
CAPGEMINI U.S. LLC ,4
CERNER CORPORATION ,4
DALLAS INDEPENDENT SCHOOL DISTRICT,4
"EXPEDIA, INC.",4
GLOBALFOUNDRIES U.S. INC.,4
HARRISON POULTRY,4
IBM CORPORATION ,4
INTONE NETWORKS INC,4
KFORCE INC.  ,4
KPIT INFOSYSTEMS INC. ,4
"MASTECH, INC., A MASTECH HOLDINGS, INC. COMPANY  ",4
"STAPLES, INC.",4
TEXAS INSTRUMENTS INCORPORATED ,4
"AECOM TECHNICAL SERVICES, INC. ",3
"ALCATEL LUCENT USA, INC. ",3
BALTIMORE CITY PUBLIC SCHOOL SYSTEM  ,3
BANK OF AMERICA ,3
BARCLAYS BANK DELAWARE,3
C-VISION INC ,3
"CAPGEMINI AMERICA, INC.  ",3
"CAREMARK, L.L.C.",3
"CLIENT NETWORK SERVICES, INC.  ",3
DATASERV INC ,3
DISCOVER PRODUCTS INC.,3
"DROPBOX, INC.",3
ERICSSON INC.,3
FRONTIER TECHNOLOGIES LLC,3
"HEXAWARE TECHNOLOGIES, INC. ",3
HOUSTON INDEPENDENT SCHOOL DISTRICT  ,3
"IDEXCEL, INC ",3
INOVANT LLC  ,3
"INTRAEDGE, INC  ",3
INTUIT ,3
"ISR INFO WAY,INC",3
KOCH FOODS OF CINCINNATI LLC,3
LIFE TECHNOLOGIES CORPORATION  ,3
MPHASIS CORPORATION,3
"NESS USA, INC.  ",3
ORACLE FINANCIAL SERVICES SOFTWARE INC. ,3
PEOPLE TECH GROUP INC ,3
ROBERT BOSCH LLC,3
SYNECHRON ,3
TESLA MOTORSINC ,3
"THE MATHWORKS, INC.",3
TIBCO SOFTWARE INC.,3
"USM BUSINESS SYSTEMS, INC",3
"A9.COM, INC. ",2
"ADVANCED MICRO DEVICES, INC. (AMD)",2
"AGREEYA SOLUTIONS, INC.  ",2
AKSHAYA INC  ,2
"APPLIED MATERIALS, INC.  ",2
APPS ASSOCIATES LLC,2
"ASTIR IT SOLUTIONS, INC  ",2
"AT&T SERVICES, INC.",2
"BLACKHAWK NETWORK, INC.  ",2
CAPITAL ONE SERVICES II LLC ,2
CIENA CORPORATION  ,2
"CITIBANK, N.A",2
"CITICORP CREDIT SERVICES, INC. (USA) ",2
"COMPETENT SYSTEMS, INC",2
"CONTINENTAL AUTOMOTIVE SYSTEMS, INC. ",2
CSC COVANSYS CORPORATION ,2
CUMMINS INC. ,2
DEEMSYS INC  ,2
DELL PRODUCTS LP,2
DELL USA LP  ,2
"DW PRACTICE, LLC.  ",2
EAST WEST BANK  ,2
"ECLINICALWORKS, LLC",2
"EIS TECHNOLOGIES, INC ",2
"EPAM SYSTEMS, INC  ",2
ERP & ERP CORP  ,2
FIRST OBJECT INC,2
FIS MANAGEMENT SERVICES LLC ,2
FMR LLC,2
"FREESCALE SEMICONDUCTOR, INC.  ",2
"FUJITSU AMERICA, INC. ",2
GALAXY SOFTWARE SOLUTIONS INC. ,2
"GBG USA, INC.",2
GENENTECH ,2
GENERAL MOTORS COMPANY,2
"GEP ADMINISTRATIVE SERVICES, INC. ",2
GOLDMAN SACHS & CO.,2
"GROUPON, INC.",2
HAGERMAN MUNICIPAL SCHOOLS  ,2
HEWLETT-PACKARD COMPANY  ,2
"HOSPIRA, INC.",2
"HTC GLOBAL SERVICES, INC.",2
HYUNDAI POWER TRANSFORMERS USA ,2
INDIANA UNIVERSITY ,2
INFORMATICA LLC ,2
"INFORMATION RESOURCES, INC. ",2
"INFOSYS SOLUTIONS, INC.  ",2
"INTEL MOBILE COMMUNICATIONS, INC. ",2
"INVENSENSE, INC.",2
JABIL CIRCUIT INC  ,2
JUNIPER NETWORKS,2
LINKEDIN CORPORATION  ,2
"MARLABS, INC ",2
"MCAFEE, INC  ",2
MERRILL LYNCH,2
"MICRON TECHNOLOGY, INC.  ",2
MOTOROLA MOBILITY LLC ,2
MUY PIZZA TEJAS LLC,2
"Macys.com, LLC  ",2
NATIXIS NEW YORK BRANCH  ,2
NEW YORK CITY DEPARTMENT OF EDUCATION,2
"NEW YORK TECHNOLOGY PARTNERS, INC.",2
"NORMAN W. FRIES, INC. D/B/A CLAXTON POULTRY FARMS",2
"NRG ENERGY, INC ",2
"NTT DATA, INC",2
OVERSTOCK.COM,2
PANASONIC AVIONICS CORPORATION ,2
"PAYPAL, INC. ",2
PELLA CORPORATION  ,2
"PERFICIENT, INC ",2
"POPULUS GROUP, LLC ",2
"QUALCOMM ATHEROS, INC.",2
"QUALCOMM, INC.  ",2
QUALITY MATRIX INC ,2
RELIABLE SOFTWARE RESOURCES INC,2
"RESOURCESYS, INC",2
"SAAMA TECHNOLOGIES, INC  ",2
"SAP LABS, LLC",2
SAPIENT CORPORATION,2
SEAGATE US LLC  ,2
SEARS HOLDINGS MANAGEMENT CORPORATION,2
"SG AMERICAS SECURITIES, LLC ",2
SNW INFOTECH INC,2
SOFTWARE PARADIGMS INTERNATIONAL GROUP LLC ,2
SYMPHONY CORPORATION  ,2
SYSTEM SOFT TECHNOLOGIES LLC,2
"SYSTEMS TECHNOLOGY GROUP, INC. (STG) ",2
"TECH TAMMINA, LLC  ",2
"TECHDATA SERVICE COMPANY, LLC. ",2
THE CURATORS OF THE UNIVERSITY OF MISSOURI ,2
"TWITTER, INC.",2
Tradeshift Inc  ,2
UBER TECHNOLOGIES INC.,2
UNIVERSITY OF MICHIGAN,2
UNIVERSITY OF WISCONSIN-MADISON,2
VIGILANT TECHNOLOGIES LLC,2
"VT, IDIRECT, INC",2
XAD INC,2
XORIANT CORPORATION,2
"YASH TECHNOLOGIES, INC.  ",2
ZENSAR TECHNOLOGIES INC. ,2
ZODIAC SEATS US LLC,2
"1800FLOWERS.COM,INC.  ",1
307 CHARTRES LLC,1
3B ENTERPRISES DBA HOME INSTEAD SENIOR CARE,1
3CORE SYSTEMS INC  ,1
3I INFOTECH INC.,1
3M COMPANY,1
3PILLAR GLOBAL  ,1
"489 DRY CLEANERS, INC ",1
"A10 NETWORKS, INC. (FORMERLY RAKSHA NETWORKS, INC)  ",1
ABBVIE INC.  ,1
ABC TAX SERVICE LLC,1
"ABS ONE SHOT, LP",1
ABSIG LLC ,1
ABSOLUTE STONE DESIGN LLC,1
ABY INC,1
ACADIAN ASSET MANAGEMENT LLC,1
"ACE PRECISION AMERICA, INC  ",1
ACTUATE CORPORATION,1
ACUSSINSA WELLNESS ,1
ACXIOM CORPORATION ,1
"ADA CLINICAL MANAGEMENT SERVICES, INC.  ",1
"ADG TECH CONSULTING, LLC ",1
"ADO Staffing, Inc. ",1
"ADP TECHNOLOGY SERVICES, INC.  ",1
"ADS ALLIANCE DATA SYSTEMS, INC.",1
"ADVANSOFT  INTERNATIONAL, INC  ",1
"ADVANSOFT  WORLDWIDE, INC",1
"ADVENT GLOBAL SOLUTIONS,INC.",1
"AEGIS AMBULANCE SERVICE, INC",1
"AEQUOR TECHNOLOGIES, INC.",1
AETNA LIFE INSURANCE COMPANY,1
AGAMA SOLUTIONS INC.  ,1
"AGS TEK Partners, LLC ",1
"AI ENGINEERS, INC. ",1
"AIG ASSET MANAGEMENT (U.S.), LLC  ",1
AIM BIG INC.D/B/A AXIOM TECHNOLOGY GROUP,1
"AINS, INC.",1
"AIRBNB, INC. ",1
"AIRBUS AMERICAS ENGINEERING, INC. ",1
"AKAMAI TECHNOLOGIES, INC.",1
ALACRITI INC ,1
ALBERTO JOSE NAVARRO  ,1
ALL SMILES ORTHODONTICS  ,1
"ALLIED ORTHODONTICS, P.C.",1
"ALLTECH CONSULTING SERVICES, INC  ",1
ALPHA ACADEMY,1
"ALPHA METALS, INC. ",1
"ALPHA PRINTING & GRAPHICS, INC.",1
ALSTOM POWER INC.  ,1
"ALTAIR ENGINEERING, INC. ",1
"ALTAIR PRODUCTDESIGN, INC.  ",1
"AMAZON PRODUCE NETWORK OF CALIFORNIA, LLC  ",1
"AMAZON ROBOTICS, LLC. ",1
"AMAZON WEB SERVICES, INC.",1
AMERICAN AIRLINES  ,1
AMERICAN BUREAU OF SHIPPING ,1
AMERICAN ELECTRIC POWER  ,1
"AMERICAN INTERNATIONAL GROUP, INC.",1
AMERICAN PROFESSIONALS INC  ,1
AMERISOFTPRO SYSTEMS LLC ,1
"AMIRIT TECHNOLOGIES, INC.",1
"AMKO SOFTWARE SOLUTIONS, INC.  ",1
AMNEAL PHARMACEUTICALS LLC  ,1
"AMNEAL PHARMACEUTICALS OF NY, LLC ",1
AMPLE IT SERVICES LLC ,1
"AMZUR TECHNOLOGIES, INC. ",1
ANEXINET CORP.  ,1
ANRITSU COMPANY ,1
ANSWERS CORPORATION,1
ANTRA INC ,1
APEX FINANCIAL & TAX CONSULTANTS CORP,1
APEX TECHNOLOGY GROUP INC.  ,1
"APP SOFT SOLUTIONS, INC. ",1
APPDYNAMICS  ,1
"APPLIED THOUGHT AUDITORS AND CONSULTANT, INC  ",1
APTIMUS,1
APTTUS CORPORATION ,1
AQR CAPITAL MANAGEMENT,1
"ARCADIA CONVALESCENT HOSPITAL, INC.  ",1
"ARCADIS U.S., INC. ",1
ARCH INTERNATIONAL GROUP INC,1
ARDA KARDJIAN,1
ARMSTRONG TECHNOLOGIES INC. ,1
ARROW ELECTRONICS  ,1
"ARUBA NETWORKS, INC.  ",1
ARUP NORTH AMERICA LTD.  ,1
"ASANA, INC.  ",1
ASC GROUP LTD.  ,1
"ASCENA RETAIL GROUP, INC.",1
ASO LLC,1
ASPIRE PUBLIC SCHOOLS ,1
"ASSOCIATES SYSTEMS, LLC  ",1
"ASTA CRS, INC",1
ASURION,1
"AT&T, INC., AND ALL OF ITS SUBSIDIARIES AND AFFILIATES ",1
ATMEL CORPORATION  ,1
"AUCTION.COM, LLC D.B.A.AUCTION.COM",1
"AUDIOCODES, INC.",1
"AUROTECH, INC.  ",1
AUSTIN TEA & GINSENG CORPORATION  ,1
AUSTRALIA AND NEW ZEALAND BANKING GROUP LIMITED  ,1
"AUTODESK, INC.  ",1
AUTOMATED PRECISION INC. ,1
"AVALARA, INC ",1
AVCO CONSULTING INC,1
"AVEPOINT, INC.  ",1
"AVNET, INC.  ",1
AWI USA LLC  ,1
Aaxis Group Corporation  ,1
ActivIdentity Corp ,1
"AdRoll, Inc. ",1
"AddThis, Inc ",1
Adecos Engineering Inc,1
Aether DBS LLC  ,1
Agile Fusion Corp. ,1
Akshat Corporation DBA RGen Solutions,1
"All Cell Technologies, LLC  ",1
AltaMed Health Services Corporation  ,1
American Hardwood Industries,1
"American Regional Center for Entrepreneurs, Inc. ",1
Annapurna LLC,1
"Aptonet, Inc.",1
"Asturies Manufacturing Co., Inc.  ",1
Atrium Medical Center ,1
Autism Society of North Carolina  ,1
Avertra Corp.,1
"Awake Networks, Inc.  ",1
Ayraa Business LLC dba MNF Food Mart ,1
"BABCOCK & WILCOX POWER GENERATION GROUP, INC. ",1
"BAJA CONSTRUCTION CO., INC. ",1
BANK OF IRELAND ,1
BARCLAYS CAPITAL INC. ,1
BAXTER HEALTHCARE CORPORATION  ,1
"BAZAARVOICE, INC.  ",1
BB&T,1
BBQ WORLD INC,1
BBVA Compass ,1
BCE Engineers,1
BD Energy Systems LLC ,1
BENS BEAUTY SUPPLY CORP  ,1
BEST IT EXPERTS INC,1
"BETA SOFT SYSTEMS, INC.  ",1
"BEYOND MANAGEMENT GROUP, INC.  ",1
"BILL ME LATER, INC.",1
"BIO-RAD LABORATORIES, INC.  ",1
BIORELIANCE  ,1
BIRLASOFT INC,1
"BISMA MOBILE, INC. ",1
BLACKBERRY CORPORATION,1
"BLACKBOX SOFTWARE, LLC",1
"BLACKROCK INSTITUTIONAL TRUST COMPANY, N.A.",1
BLACKROCK INVESTMENT MANAGEMENT LLC  ,1
"BLUE CANOPY GROUP, LLC",1
BOSLEY ,1
"BRANDERS.COM, INC. ",1
"BRILLIO, LLC ",1
"BRINK'S, INCORPORATED ",1
BRISAM BROOKLYN LLC.  ,1
"BROCADE COMMUNICATIONS SYSTEMS, INC. ",1
BROSE NORTH AMERICA INC  ,1
BSONYC CORP. B/D/A BEAUTY OF NEW YORK,1
BUHLER AEROGLIDE CORPORATION,1
"BURK-KLEINPETER, INC. ",1
BUSINESS DEVELOPMENT ASIA (HK) INC.  ,1
Best K Wok,1
Bitwise Inc. ,1
Blue Road LLC,1
"Bob Evans Farms, LLC  ",1
"Bovard Studio, Inc.",1
"Brighterion, Inc",1
"Broken Hill Proprietary (USA), Inc.  ",1
Brougher Inc. DBA Forge USA ,1
C&E HEALTH CARE ,1
C.E. NIEHOFF & CO. ,1
"CA, INC.  ",1
"CADENCE DESIGN SYSTEMS, INC.",1
CALANCE CORPORATION,1
"CALIFORNIA CREATIVE SOLUTIONS, INC",1
CALIFORNIA INDEPENDENT SYSTEM OPERATOR  ,1
"CALIFORNIA STATE UNIVERSITY, LONG BEACH ",1
CALLIDUS SOFTWARE INC.,1
CANAAN DELICACIES  ,1
CANOGA PERKINS  ,1
"CAPITAL IQ, INC.",1
"CARBONITE, INC. ",1
CARDUS INC,1
"CASE COMMONS, INC. ",1
CATAMARAN ,1
CB&I INC  ,1
"CBIZ ACCOUNTING, TAX AND ADVISORY OF MARYLAND ",1
CBRITE INC.  ,1
CCC INFORMATION SERVICES INC.  ,1
CDRP Technologies LLC ,1
"CELER SYSTEMS, INC ",1
CENTRAL CONSOLIDATED SCHOOL DISTRICT ,1
CHAGS HEALTH INFORMATION TECHNOLOGY LLC ,1
"CHARTER COMMUNICATIONS, INC.",1
"CHARTER GLOBAL, INC.  ",1
CHELSEA WEST ARCHITECTS PLLC,1
CHELSOFT SOLUTIONS CO.,1
"CHICAGO KOREA RADIO BROADCASTING, INC.  ",1
CHILDREN'S LEARNING ACADEMY ,1
"CIMATION, LLC",1
"CITRIX ONLINE, LLC ",1
"CJ FOODVILLE USA, INC.",1
CLEAR THOUGHT SOLUTIONS LLC ,1
"CLEO COMMUNICATIONS US, LLC ",1
"CLEVERBRIDGE, INC. ",1
CLOUDERA  ,1
"CLUB HOUSE CREATIONS,INC ",1
CODE TECH INC,1
COGNITIVE SCALE ,1
COLUMBIA UNIVERSITY,1
"COMCAST CABLE COMMUNICATIONS, LLC ",1
"COMMITTED TO CHANGE, PC  ",1
"COMPASS DESIGN, LLC DBA/HVS DESIGN",1
COMPASSION INTERNATIONAL ,1
COMPEST SOLUTIONS INC ,1
COMPULINK MANAGEMENT CENTER INC,1
"COMPUTER AND COMMUNICATION TECHNOLOGIES, INC. ",1
COMPUWARE CORPORATION ,1
"COMSCORE, INC.  ",1
CONCEPTS INFORMATION TECHNOLOGY INC  ,1
"CONCUR TECHNOLOGIES, INC.",1
CONCUSSION LLP  ,1
"CONNEX INFO SYSTEMS, INC.",1
CONSOLE TECHNOLOGY INC,1
"CONSTELLATION NEW ENERGY, INC. ",1
"COOKING & MORE, INC.  ",1
CORIXA CORPORATION ,1
CREIGHTON UNIVERSITY  ,1
"CROVER, INC. ",1
"CSAA INSURANCE SERVICES, INC.  ",1
"CVE TECHNOLOGY GROUP, INC.  ",1
"CVS PHARMACY, INC. ",1
"CYBERMASS SOLUTIONS INC.,",1
"CYBERSOFT TECHNOLOGIES, INC ",1
CYBERSOURCE CORPORATION  ,1
CYGTEC INC,1
CYMA SYSTEMS INC,1
CYPRESS SEMICONDUCTOR CORPORATION ,1
CYTEL INC.,1
"Cal-Plex, Inc.  ",1
"Centaur Technology, Inc. ",1
Centerpointe Construction Corp ,1
"China Luxury Advisors, Inc. ",1
Circle Internet Financial,1
"CoTap, Inc",1
"Coatue Management, L.L.C.",1
"Color Genomics, Inc.  ",1
Compass Directional Guidance Inc  ,1
Comprehensive Prosthetics & Orthotics,1
"Corelogix Consulting, Inc.  ",1
D & J TOP MEDIA CORP  ,1
DANFOSS,1
DANLAW INC.  ,1
DASSAULT SYSTEMES SERVICES LLC ,1
DASSAULT SYSTEMES SIMULIA,1
DATA CONCEPTS LLC  ,1
DATA MANAGEMENT INC.  ,1
DATAMATICS CONSULTANTS INC  ,1
"DATASTRONG, LLC ",1
DCP HOLDING COMPANY,1
"DEERFIELD AMOCO, INC. ",1
DELOITTE TAX LLP,1
"DELOITTE TRANSACTIONS & BUSINESS ANALYTICS, LLP  ",1
DELPHI CORPORATION ,1
DENTOPIA.INC ,1
DEPOSITORY TRUST & CLEARING CORPORATION ,1
"DEPUY ORTHOPAEDICS, INC. ",1
"DEUTSCHE BANK SECURITIES, INC. ",1
DEVICOM INTERNATIONAL INC. DBA SNEAKERHEAD.COM,1
"DEW SOFTWARE, INC. ",1
DFS SERVICES LLC,1
DGN TECHNOLOGIES INC. ,1
"DICKINSON & ASSOCIATES, INC.",1
DINOSAUR SECURITES LLC,1
DIRECT ENERGY,1
"DIVERSE LYNX, LLC  ",1
"DIVERSIFIED SERVICE OPTIONS, INC. DBA GUIDEWELL SO  ",1
"DMI BIG DATA INSIGHTS, LLC  ",1
"DOCKER, INC. ",1
DR America Corporation,1
DRILLING RIGHT CONSULTANT LLC  ,1
DROISYS INC  ,1
DSH MANGEMENT SOLUTIONS LLC ,1
"DTS, INC. ",1
"DVR SOFTEK INC.,",1
"DYNAMO AVIATION, INC. ",1
Depco Power Systems,1
Distinctive Systems Inc  ,1
"Diversified Services Network, Inc.",1
Door3  ,1
"Ducommun, Inc.  ",1
Duplin County Schools ,1
Durkin Group & Associates LLC  ,1
E*PRO INC ,1
E-ADVANCE LLC,1
"E-ASPIRE IT, LLC",1
EAGLE TRANS SHIPPING & LOGISTICS LLC ,1
EAST CAROLINA UNIVERSITY ,1
"EASTBAY ASSET MANAGEMENT, LLC  ",1
"EBAY ENTERPRISE, INC. ",1
EBERSPAECHER NORTH AMERICA INC.,1
EBS HEALTHCARE  ,1
EBSCO PUBLISHING,1
"ECALIX, INC. ",1
ECLOUD LABS INC ,1
"ECOM CONSULTING, INC. ",1
ECPI University ,1
ECTOR COUNTY INDEPENDENT SCHOOL DISTRICT,1
"EDIFY TECHNOLOGIES, INC. ",1
EDUCATION MANAGEMENT SOLUTIONS LLC,1
EGENCIA LLC  ,1
"EGS GROUP, LLC  ",1
"ELECTION SYSTEM & SOFTWARE, INC.  ",1
"ELECTRONIC ARTS, INC. ",1
ELEMENT TECHNOLOGIES INC ,1
ELITE IT SOLUTIONS INC,1
ELLA Q. BERNAL  ,1
"ELLIE MAE, INC. ",1
"ELLINGTON & ASSOCIATES, INC.",1
ELON UNIVERSITY ,1
"ELOYALTY, LLC",1
EMAGE SOFTWARE SERVICES LLC ,1
EMINENCE IT SOLUTIONS INC,1
"ENCYCLOPAEDIA BRITANNICA, INC  ",1
ENERIC PETROLEUM CORPORATION,1
"ENGINEERING TECHNOLOGY ASSOCIATES, INC. ",1
ENTERPRISE CONSULTING SERVICES INC.  ,1
"EPEOPLE TECHNOLOGIES, INC.  ",1
"EQ2, LLC  ",1
ESSENCE GROUP HOLDINGS CORPORATION,1
"ESSEX TECHNOLOGY GROUP, INC.",1
"ESURANCE INSURANCE SERVICES, INC. ",1
ETEK IT SERVICES INC  ,1
EURO-PRO OPERATING LLC,1
EXILANT TECHNOLOGIES PRIVATE LIMITED ,1
"EXPERIS US, INC.",1
"EXPLICIT SYSTEMS USA, INC",1
EXTRIUS INC. ,1
"EZ2 TECHNOLOGIES, INC ",1
Edvensoft Solutions LLC  ,1
"F5 NETWORKS, INC.  ",1
FAIRLEIGH DICKINSON UNIVERSITY ,1
FAMILY DOLLAR INC. ,1
FEDERAL HOME LOAN BANK OF ATLANTA ,1
FEDERAL HOME LOAN MORTGAGE CORPORATION  ,1
"FEI.COM, INC ",1
FERRIS STATE UNIVERSITY  ,1
"FINANCIAL INDUSTRY REGULATORY AUTHORITY, INC. ",1
FIRST HEALTH FORCES LLC  ,1
"FIRST TEK, INC. ",1
FIRST TENNESSEE BANK N.A.,1
"FIVE9, INC",1
FLEX CONSULTING GROUP INC.  ,1
FLEXTRONICS INTERNATIONAL USA  ,1
FLORIDA STATE UNIVERSITY ,1
FOCUSSOFTTECH INC  ,1
FORCEPOINT LLC  ,1
"FORTINET, INC.  ",1
"FOURTH TECHNOLOGIES, INC.",1
"FRAUNHOFER USA, INC",1
"FRISCO INTERNATIONAL, LTD.  ",1
"FU ASSOCIATES, LTD.",1
"FULLSCREEN, INC.",1
"FUNARO & CO., PC",1
FURTHER LLC  ,1
"FUSION PLUS SOLUTIONS, INC  ",1
FaSur Technologies LLC,1
"Facebook, Inc.  ",1
Federal-Mogul Motorparts Corporation ,1
"Five Rings, LLC ",1
Formation Data Systems,1
GALLUP MCKINLEY COUNTY SCHOOLS ,1
GARDEN SUITE HOTEL & RESORTS INC  ,1
"GCOM SOFTWARE, INC.",1
GDN INFOTECH ,1
GEARBOX SOFTWARE,1
GENENTECH USA INC. ,1
GENWORTH NORTH AMERICA CORPORATION,1
GEO LOGIC SYSTEMS CORP,1
GEORGETOWN UNIVERSITY ,1
GEORGIA SOUTHERN UNIVERSITY ,1
"GETWELLNETWORK, INC.  ",1
"GILEAD SCIENCES, INC. ",1
"GLASSDOOR, INC. ",1
GLAXOSMITHKLINE LLC,1
"GLOBAL BUSINESS CONSULTING SERVICES, INC.  ",1
"GLOBAL CHAMPIONS TAE KWON DO, INC.",1
"GLOBAL TEACHERS RESEARCH AND RESOURCES, INC.  ",1
GLOBAL TECHNOLOGY ASSOCIATES LLC  ,1
"GLOBAL USA, INC.",1
"GOLDMAN, SACHS & CO.  ",1
"GOOD CLOTHING, INC.",1
GRANT THORNTON LLP ,1
"GREEN INTERNATIONAL AFFILIATES, INC. ",1
GREENSKY TRADE CREDIT LLC,1
GREYCELL LABS INC  ,1
GSPANN TECHNOLOGIES INC  ,1
"GSSR, INC ",1
"GUARDANT HEALTH, INC. ",1
GULFSTREAM AEROSPACE CORPORATION  ,1
"GUTHY-RENKER, LLC  ",1
"Gady Abramson D.C., P.A. ",1
"Galvao Pavers, Inc ",1
General Reinsurance Corporation,1
Genius Minds LLC,1
Gignac & Associates LLP  ,1
Great Plains Manufacturing Inc.,1
Green Garden Inc,1
HAIVISION NETWORK VIDEO INC.,1
"HALLIBURTON ENERGY SERVICES, INC. ",1
HANUSOFT INC ,1
"HARBOR FREIGHT TOOLS USA, INC. ",1
"HARMAN INTERNATIONAL INDUSTRIES, INC ",1
HARWARD TECHNOLOGIES LLC ,1
HCA MANAGEMENT SERVICES LP  ,1
"HDR ENGINEERING, INC. ",1
"HEALTH CAROUSEL, LLC  ",1
HEALTHSTREAM.INC.  ,1
"HEALTHTRONICS GROUP, L.P.",1
HENRY BOOTH HOUSE  ,1
HERBALIFE INTERNATIONAL  ,1
HEWLETT-PACKARD ENTERPRISE COMPANY,1
HIGHDATA SOFTWARE CORPORATION  ,1
"HIGHTONE EXTERIORS, INC. ",1
"HIOSSEN, INC ",1
HITACHI DATA SYSTEMS CORPORATION  ,1
HOGG ROBINSON USA LLC ,1
HORIZON INTERNATIONAL TRD. INC.,1
HORIZON TECHNOLOGIES INC ,1
"HORIZONSOFTSOLUTIONS, INC",1
"HORTONWORKS, INC.  ",1
"HOST ANALYTICS, INC.  ",1
"HP ENTERPRISE SERVICES, LLC ",1
"HSBC BANK USA, N.A.",1
"HUBBELL LIGHTING, INC.",1
"HUGE, LLC ",1
"HUGHES NETWORK SYSTEMS, LLC ",1
HUMANA INSURANCE COMPANY ,1
"HUMEX, INC.  ",1
"Healthnet Home Care Services, Inc.",1
"Hope Community Resources, Inc. ",1
"Hord Coplan Macht, Inc.  ",1
Hover Inc.,1
IAV AUTOMOTIVE ENGINEERING INC.,1
ICONSOFT INC.,1
ICSA INC  ,1
IDOL SOLUTIONS INC ,1
IEA INC,1
IHS GLOBAL INC  ,1
"IM FLASH TECHNOLOGIES, LLC  ",1
INABA INC ,1
"INDEPENDENT APPRAISAL GUIDE, LLC  ",1
INERTIAL LABS INC. ,1
INFINITE HERBS LLC ,1
INFOEXPERTS  ,1
INFOMATICS CORP ,1
INFOREEM INC ,1
INFORMATICA CORPORATION  ,1
"INFOSMART SYSTEMS, INC.  ",1
INFOSYS TECHNOLOGIES LIMITED,1
INFOWAY SOLUTIONS LLC ,1
"INITECH GLOBAL, LLC",1
"INNOVA SOLUTIONS, INC.",1
INSPUR WORLDWIDE SERVICES LTD. ,1
INSTITUTE OF ELECTRICAL & ELECTRONICS ENGINEERS  ,1
INTEGRATED REGIONAL LABORATORIES  ,1
"INTEL MASSACHUSETTS, INC.",1
INTELLIPRO GROUP INC. ,1
"INTELLISOFT TECHNOLOGIES, INC. ",1
INTERACTIVE BUSINESS SERVICES INC ,1
"INTERACTIVE NETWORK TECHNOLOGIES, INC. (INT, INC.)  ",1
INTERGRAPH CORPORATION,1
INTERNAP NETWORK SERVICES CORPORATION,1
INTERNATIONAL PAINT LLC  ,1
INTERNATIONAL SOFTWARE SYSTEMS INC,1
"INTRALINKS, INC.",1
"INVAGEN PHARMACEUTICALS, INC",1
"IPS INDUSTRIES, INC.  ",1
IPSS CORP ,1
"IRIS SOFTWARE, INC.",1
ISCS INC  ,1
ISF ,1
ISLAND DELIGHT CARIBBEAN RESTAURANT LLC ,1
ISN SOFTWARE CORP  ,1
"ISOLVERS, INC",1
ISOLVETECHNOLOGY INC  ,1
"ISPACE, INC. ",1
"ISPACE,INC.  ",1
ITC INFOTECH USA INC  ,1
ITCAPS LLC,1
IXIA,1
"Independence Blue Cross, LLC",1
"Industrial Equipment Solutions, Inc  ",1
"Innovium, Inc",1
"Integrated Financial Services, Inc.  ",1
"Intellinet Consulting, LLC  ",1
"J & B SOFTWARE, INC.  ",1
J & S CPAS APC  ,1
J&J IMPRINTS INC.  ,1
J.R. SIMPLOT COMPANY  ,1
"J.W. DAWIT, INC.",1
JAMES PITZNER ENTERPRISES LLC  ,1
JAMES R GLIDEWELL DENTAL CERAMICS ,1
JAPANESE LIFE STYLE,1
JAVELIN DIRECT INC.,1
"JC BEAUTY WORLD, INC. ",1
"JEAN MARTIN, INC.  ",1
JETBLUE AIRWAYS ,1
JJN ASSOCIATES INC ,1
"JM INFORMATION SYSTEMS,LLC  ",1
JMNC Restaurant Inc.  ,1
JNIT TECHNOLOGIES  ,1
"JOANNA J. KIM & ASSOCIATES, INC.  ",1
JOHNS MANVILLE  ,1
"JOHNSON CONTROLS, INC.",1
"JRD SYSTEMS, INC.  ",1
"JUDGE TECHNICAL SERVICES, INC. ",1
JUSTIN TAYLOR,1
JYS SOLUTIONS INC  ,1
"Japanese Healing, Inc.",1
K H K REHAB CORP,1
"KABAB AND TIKKA RESTAURANT, INC.  ",1
"KAMAN ENGINEERING SERVICES, INC.  ",1
"KAREN'S GARDEN, INC.  ",1
KAREO  ,1
KAVI ASSOCIATES LLC,1
"KBR TECHNICAL SERVICES, INC.",1
KENMAR OLYMPIA LLC ,1
KENT STATE UNIVERSITY ,1
"KHS USA, INC ",1
KIP INFORMATION TECHNOLOGIES INC  ,1
"KIRKLAND ALBRECHT & FREDRICKSON, LLC ",1
KNOWLEDGE BUILDERS INC,1
KOCH FOODS LLC  ,1
KPMG LLP  ,1
KUTZTOWN UNIVERSITY,1
"KWANG SEOB KIM, DDS, INC.",1
"Katch Kan USA, LLC ",1
Kotobuki-ya Inc. dba CPS ,1
Kyuma Corporation  ,1
L&T TECHNOLOGY SERVICES LIMITED,1
LA-Z-BOY INCORPORATED ,1
LAFAYETTE PHARMACY LLC,1
LAKE ERIE COLLEGE OF OSTEOPATHIC MEDICINE  ,1
LANDMARK GRAPHICS CORPORATION  ,1
LARSEN & TOUBRO INFOTECH LIMITED  ,1
LARSEN & TOUBRO LIMITED  ,1
"LAUREATE EDUCATION, INC. ",1
LAWRENCE BERKELEY NATIONAL LABORATORY,1
LEARJET INC. ,1
"LEARNINGMATE SOLUTIONS, INC ",1
LEENA OF NY INC ,1
"LEIDOS ENGINEERING, LLC  ",1
LENORA SYSTEMS INC ,1
LEO A DALY COMPANY ,1
"LEXISNEXIS RISK SOLUTIONS, INC.",1
"LI AND COMPANY, PC ",1
LICENSED PRODUCTS LLC ,1
"LIFE SCIENCE NATION, LLC ",1
LIFESTREET CORPORATION,1
LIM AND LIM ACCOUNTANCY CORPORATION  ,1
LINCOLN COUNTY MEDICAL CENTER  ,1
LINEDATA SERVICES INC.,1
"LITTLE MARKET, INC.",1
"LOGANBRITTON, INC. ",1
LOGICGATE TECHNOLOGIES INC  ,1
LOGICQUE INC.,1
"LOGITECH, INC",1
"LOMITA HEALTH MANAGEMENT, INC. ",1
LONG ISLAND ELECTRIC UTILITY SERVCO LLC ,1
"LONGVIEW FIBRE PAPER AND PACKAGING, INC.",1
LORHAN CORPORATION INC.  ,1
LOUISIANA STATE UNIVERSITY AND A & M COLLEGE  ,1
LPL FINANCIAL LLC  ,1
"LSI CORPORATION, AN AVAGO TECHNOLOGIES COMPANY",1
"LUCID  TECHNOLOGIES, INC ",1
LUMINANT ENERGY COMPANY LLC ,1
"Lending Science DM, Inc. ",1
Leon County Clerk of Courts ,1
Level 3 Communications LLC  ,1
M & R Consultants Corp,1
M MILLER GROUP LTD D/B/A MILLER AND ASSOCIATES,1
"M&H ENTERPRISES, INC. ",1
"M.C.DEAN, INC.  ",1
MACROSOFT INC.  ,1
MACY'S SYSTEMS AND TECHNOLOGY  ,1
"MACYS.COM, INC  ",1
"MANHATTAN ASSOCIATES, INC.  ",1
"MANTRA TELECOM, INC",1
MARK INFOTECH INC  ,1
"MARUTHI TECHNOLOGIES , L.L.C.  ",1
"MAST INDUSTRIES, INC  ",1
"MAVEN COMPANIES, INC. ",1
MAXIMA CONSULTING INC ,1
"MAYPRO INDUSTRIES, LLC",1
"MCKINSEY & COMPANY, INC UNITED STATES",1
MD OMEGA PHARMACY INC ,1
"MEDALLIA, INC.  ",1
MEDIAMATH INC.  ,1
"MEDTRONIC, INC. ",1
MEMORIAL SLOAN-KETTERING CANCER CENTER  ,1
MEMarchitecture ,1
"MERCURY TECHNOLOGY GROUP, INC. ",1
MERCYHURST UNIVERSITY ,1
"MERITOR HEAVY VEHICLE SYSTEMS, LLC",1
MIAMI UNIVERSITY,1
"MIAS FASHION MFG. CO., INC. ",1
MICROCHIP TECHNOLOGY  ,1
MICROEXCEL INC  ,1
MICROSTRATEGY INCORPORATED  ,1
MICROSTRATEGY SERVICES CORPORATION,1
MIDDLE TENNESSEE STATE UNIVERSITY ,1
"MIMOSA NETWORKS, INC. ",1
MIMUS INC ,1
MINISOFT TECHNOLOGIES LLC,1
MIRACLE SOFTWARE SYSTEMS INC.  ,1
MISSOURI WESTERN STATE UNIVERSITY ,1
MNK INFOTECH INC,1
MODULAR SOLUTIONS LTD.,1
MOKKA INTERNATIONAL CORPORATION,1
"MONITISE AMERICAS, INC.  ",1
MONSANTO COMPANY,1
MOODY'S ANALYTICS  ,1
"MORNINGSTAR, INC.  ",1
MOTOROLA SOLUTIONS INC.  ,1
MURPHY BROWN LLC,1
"MUY PIZZA HOUSTON, LLC",1
MYLAN INC.,1
Maco Group LLC  ,1
Marveltech Consulting Services LLC,1
"Matrixx Software, Inc.",1
Maxion Wheels Akron LLC  ,1
"Meadow Oak Academy, Inc. ",1
Meteorcomm LLC  ,1
"Modne, Inc.  ",1
Morgan-Heller Associates Inc.  ,1
Myriad Genetics Inc.  ,1
"N2 SERVICES, INC",1
"NAGARRO, INC.",1
NALCO COMPANY,1
"NANOMETRICS, INC.  ",1
"NARTAL SYSTEMS, INC.  ",1
"NATERA, INC. ",1
NATIONAL INSTRUMENTS  ,1
NATIONWIDE INSURANCE  ,1
NATSOFT CORPORATION,1
"NATVAN, INC. ",1
NAZDAR COMPANY  ,1
NAZMA LLC ,1
NB INSULATION CORP.,1
"NCB,FSB",1
"NEO TECH SOLUTIONS,INC.  ",1
"NEORIS USA, INC.",1
"NESTLE NUTRITION R&D CENTERS,INC. ",1
"NESTLÃ‰ REGIONAL GLOBE OFFICE NORTH AMERICA, INC.",1
"NETAPP, INC. ",1
NETFLIX,1
NETSYNC NETWORK SOLUTIONS,1
NEUBERGER BERMAN GROUP LLC  ,1
NEW ENGLAND IT ASSOCIATES INC  ,1
NEW JERSEY INSTITUTE OF TECHNOLOGY,1
NEW TECH SOLUTIONS INC.  ,1
NEW YORK LIFE INSURANCE COMPANY,1
NEW YORK UNIVERSITY,1
"NEWGARD DEVELOPMENT GROUP, INC.",1
"NEWMARKET INTERNATIONAL, INC.  ",1
NEWMONT USA LIMITED,1
"NEWT GLOBAL CONSULTING, LLC ",1
NEXGEN TECHNOLOGIES LLC  ,1
NEXIUS SOLUTIONS INC. ,1
NGA GROUP INC,1
NICHE SOFTWARE SOLUTIONS INC,1
NIIT TECHNOLOGIES LIMITED,1
"NIKE, INC.",1
"NISUM TECHNOLOGIES, INC. ",1
NITEOSOFT INC DBA COMPWORLDWIDE,1
"NITYA SOFTWARE SOLUTIONS, INC  ",1
NOAH CONSULTING ,1
NOBLESOFT SOLUTIONS INC  ,1
NOETIX CORPORATION ,1
NOKIA SOLUTIONS AND NETWORKS US LLC  ,1
NOMINUM INC  ,1
"NONG WOO SEED AMERICA, INC. ",1
"NORTHSTAR TECHNOLOGIES, INC.",1
NORTHWESTERN UNIVERSITY  ,1
NOUS INFOSYSTEMS PVT. LTD.  ,1
NOVALINK SOLUTIONS LLC,1
"NOVARTIS INSTITUTES FOR BIOMEDICAL RESEARCH, INC.",1
"NOVELTY INFOTECH, INC ",1
NOVUM PHARMACEUTICAL RESEARCH SERVICES OF DELAWARE  ,1
NOWCOM CORPORATION ,1
"NUTANIX, INC.",1
NUTRAMED INC ,1
"NUVIEW TECHNOLGIES, INC. ",1
NVIDIA CORPORATION ,1
"NXP Semiconductors USA, Inc.",1
"NYSE MARKET (DE), INC.",1
"Netrix, LLC  ",1
Nexus Plastics Incorporated ,1
OCHER TECHNOLOGY GROUP,1
"OCLC ONLINE COMPUTER LIBRARY CENTER, INC.  ",1
"OEC LOGISTICS, INC. D/B/A OEC GROUP  ",1
OLD DOMINION UNIVERSITY  ,1
"OM PARTNERS USA, INC. ",1
OMADA HEALTH INC.  ,1
"OMNIVISION TECHNOLOGIES, INC.  ",1
"ONE 3 TWO, INC. ",1
OPEN SYSTEMS INC.  ,1
"ORION SYSTEMS INTEGRATORS, INC ",1
ORION TRADING WORLDWIDE LLC ,1
ORPINE INC,1
OSCAR INVESTORS MANAGEMENT CORPORATION  ,1
OSCAR SOTO MD. PA  ,1
OSCEOLA CONSULTING ,1
OTIS INFORMATION TECHNOLOGIES INC ,1
"OUTLOOK RESOURCES, INC.  ",1
P & L DEVELOPMENT LLC ,1
P&J PROFESSIONAL ACCOUNTANCY GROUP,1
"PAPA JOHN'S USA, INC  ",1
PARADIGM INFOTECH INC ,1
"PARAMOUNT SOFTWARE SOLUTIONS, INC ",1
"PARASOL CO, INC.",1
PARTY PARTY CREATIONS INC,1
"PDF SOLUTIONS, INC.",1
"PDT PARTNERS, LLC  ",1
PEARL LIAN LLC  ,1
"PEARSON EDUCATION, INC.  ",1
"PEGASYS SYSTEMS & TECHNOLOGIES, INC  ",1
"PENSKE LOGISTICS, LLC ",1
"PEPSICO, INC.",1
PETERSON TECHNOLOGY PARTNERS INC. ,1
"PHARMACEUTICAL PRODUCT DEVELOPMENT, LLC ",1
"PHILLIP TOWNSEND ASSOCIATES, INC. ",1
"PHUNWARE, INC.  ",1
PI WORKS US INC.,1
"PINTEREST, INC. ",1
"POINTSOURCE, LLC",1
"POLARIS ASSOCIATES, INC DBA FUSION OBJECTS ",1
"PRABHAV EGLOBAL SERVICES LLC, D/B/A INFOWAYS  ",1
"PREMIER, INC.",1
PREMUS SOLUTIONS,1
PRIVATE LABEL NUTRACEUTICALS,1
"PROCESSWEAVER, INC.",1
PROFESSIONAL ACCESS LTD  ,1
PROKARMA INC ,1
PRONIX INC,1
PROSPER MARKETPLACE,1
PROTECH SOLUTIONS INC ,1
PROTEGE LLC  ,1
"PRUTECH SOLUTIONS, INC",1
PTC INC.  ,1
"PUBLIX SUPER MARKETS, INC.  ",1
PURDUE UNIVERSITY  ,1
"PV PROS, INC.",1
"PYRAMID TECHNOLOGY SOLUTIONS, INC.",1
Pacific Global Bank,1
"Parker Trutec, Inc. d/b/a Trutec Industries Inc. ",1
Pegasus Bank ,1
"Petron Industries, Inc dba Pason Offshore Corp",1
"PolarSemiconductor, LLC  ",1
Proliance Surgeons ,1
"Prolifics Testing, Inc.  ",1
QUADGEN WIRELESS SOLUTIONS INC ,1
"QUADRANT 4 CLOUD, INC.",1
QUADRATIC SYSTEMS INC ,1
"QUANTUM INFOTECH, INC.",1
QUANTUM VISION LLC ,1
QUANTUMSCAPE CORPORATION ,1
QUEST DIAGNOSTICS INCORPORATED ,1
QUESTSOFT SOLUTIONS INC  ,1
QUICKEN LOANS INC. ,1
"QUINTILES, INC. ",1
"Qorvo US, Inc.  ",1
"R S INFOCON, INC.  ",1
"RACKSPACE US, INC. ",1
"RAINDROP FOUNDATION, INC.",1
"RAMPS INTERNATIONAL, INC ",1
"RANBAXY,  INC.  ",1
RAYMOND JAMES & ASSOCIATES  ,1
"RCHP-Florence,LLC dba Eliza Coffee Memorial Hospti  ",1
REGITAR USA INC ,1
"RENEE SACKS ASSOCIATES, INC.",1
RENSSELAER POLYTECHNIC INSTITUTE  ,1
"RF MICRO DEVICES, INC.",1
RICONPHARMA LLC ,1
RIO TINTO SERVICES INC.  ,1
RIOS MEDINA & ASSOCIATES/DBA CPC ACCOUNTING SVCS ,1
RIVERBED TECHNOLOGY,1
RJT COMPUQUEST INC.,1
"ROCKWELL AUTOMATION, INC.",1
"ROGER WOOD FOODS, INC.",1
RUSSIAN SCHOOL OF MATHEMATICS  ,1
RWALTZ SOFTWARE SERVICES GROUP INC,1
S & T Stones Inc.  ,1
"S&R PROFESSIONALS, L.P.  ",1
SAFEWAY INC. ,1
"SAGARSOFT, INC  ",1
SAGE PUBLICATIONS  ,1
SAGITEC SOLUTIONS LLC ,1
SAINT PAUL CHRISTIAN SCHOOL ,1
"SAINT-GOBAIN CERAMICS & PLASTICS, INC.  ",1
"SAMSUNG AUSTIN SEMICONDUCTOR, LLC ",1
"SAMSUNG RESEARCH AMERICA, INC. ",1
"SAN JUAN CONSTRUCTION, INC. ",1
"SAP AMERICA, INC.  ",1
SARAYU CONSULTANTS INC,1
SARK WIRE CORPORATION ,1
SATIN SOLUTIONS ,1
SAVANNAH STATE UNIVERSITY,1
"SAVI TECHNOLOGIES, INC",1
"SBM ATLANTIA, INC. ",1
SCADEA SOLUTIONS INC. ,1
SCEPTER TECHNOLOGIES INC ,1
"SCHILTKAMP INTERNATIONAL CONSULTANTS, INC. ",1
SCHLUMBERGER TECHNOLOGY CORPORATION  ,1
"SCHNEIDER ELECTRIC USA, INC.",1
"SCHREIBER FOODS, INC. ",1
SCHREINER UNIVERSITY  ,1
"SCIVANTAGE, INC.",1
"SDILOGIC, INC.  ",1
"SEMICONDUCTOR COMPONENTS INDUSTRIES, LLC",1
SENSITY SYSTEMS INC.  ,1
"SERVICE & MEDICAL INTERNATIONAL, LLC ",1
"SERVICENOW, INC.",1
SEUNG KWANG LLC ,1
SGS TECHNOLOGIE LLC,1
SHAREABLE INK CORPORATION,1
SHELL OIL COMPANY  ,1
SHIGURA INCORPORATED  ,1
"SHINHAN BANK AMERICA, INC.  ",1
"SHUTTERFLY, INC.",1
"SIEMENS ENERGY, INC.  ",1
"SIEMENS MEDICAL SOLUTIONS USA, INC.  ",1
SIEMENS PLM SOFTWARE INC.,1
SIRITEK INC  ,1
"SIRNAOMICS, INC.",1
SIRVA RELOCATION LLC  ,1
SK HYNIX MEMORY SOLUTIONS INC. ,1
"SKIDMORE, OWINGS & MERRILL LLP ",1
"SKS MANAGEMENT, LLC",1
SKY FOUNDATION  ,1
"SKYRIN TECHNOLOGIES, INC.",1
SKYTAP ,1
"SMART SOURCE TECHNOLOGIES, INC.",1
"SMARTWORKS, LLC ",1
SNAPLOGIC ,1
"SOFIA TECHNOLOGY, LLC ",1
SOFTCLOUDS LLC  ,1
"SOFTPATH SYSTEM,LLC",1
SOFTWARE TRANSFORMATIONS INC,1
SOHOBRICKS CORPORATION,1
"SOLUTION PARTNERS NA, LLC",1
SOUTHWEST BEHAVIORAL HEALTH SERVICES ,1
"SPACE BETWEEN LINES, INC.",1
SPANSION LLC ,1
SPLUNK ,1
SPRING BRANCH INDEPENDENT SCHOOL DISTRICT  ,1
SPRINT CORPORATION ,1
"SRI SYSTEMS, INC",1
SRQ Food Corporation dba Time Express,1
STANCORP FINANCIAL GROUP ,1
"STAR MARKETING INTERNATIONAL, INC.",1
STARBUCKS COFFEE COMPANY ,1
STARPOINT SOLUTIONS LLC  ,1
"STEIN, SPERLING, BENNETT, DE JONG, DRISCOLL, ET.AL  ",1
STRATEGIC BUSINESS SOLUTIONS INC  ,1
"STRATEGIC RESOURCES INTERNATIONAL, INC  ",1
"STYLE IN USA, INC. ",1
"SUE SANDALON JEWELRY DESIGN, INC  ",1
SUMITOMO MITSUI BANKING CORPORATION  ,1
SUMMIT MEDICAL GROUP  ,1
SUN RECYCLING LLC  ,1
"SUNERA TECHNOLOGIES, INC ",1
SUNOVION PHARMACEUTICALS INC.  ,1
SUNTRANS INTERNATIONAL INC  ,1
SUNY Buffalo State College  ,1
SVB FINANCIAL GROUP,1
"SVK SYSTEMS, INC.  ",1
SWA GROUP ,1
"SWANKTEK, INC",1
"SYBRID HEALTH, LLC ",1
SYLVAN CORPORATION ,1
SYNAPSIS INC ,1
"SYNAPTICS, INC  ",1
SYNERGY GLOBAL SYSTEMS INC  ,1
SYNTEL INC.  ,1
SYSCONS CORPORATION,1
"Saavn, LLC",1
"Sam Schwartz Engineering, D.P.C.  ",1
Sanchez Agency Insurance LLC,1
Saturn Tech LLC DBA Saanvi Technologies ,1
ScottShawEnterprisesIncdbaHomeInsteadSeniorCare  ,1
Sefaira INC  ,1
Sfera Studios LLC  ,1
Siemens Corporation,1
"Sino-American Consulting, LLC  ",1
Smart Management Inc. ,1
"Snell, Inc.  ",1
"Super Bell Jewelry Company, Inc.  ",1
"Synectics for Management Decisions, Inc.",1
T H Sunglass Corporation ,1
"T and B Tube Co., Inc.",1
"TANGO ME, INC.  ",1
"TARAN TACTICAL INNOVATIONS, LLC.  ",1
TARRA FOOD MART LLC II,1
TBWA WORLDWIDE INC.,1
"TEAMSOFT, INC.  ",1
TECACE SOFTWARE LTD.  ,1
"TECH MAHINDRA (AMERICAS) INC., (FORMERLY MBT INTERNATIONAL, INC.)  ",1
"TECHLIGENT, INC.",1
TECHNO-COMP INC ,1
"TECHNOLOGY VENTURES, LLC ",1
TECHWAVE CONSULTING INC  ,1
TECUMSEH POULTRY LLC  ,1
TEK SERVICES LLC,1
TEKSTROM INC ,1
TEQTRON INC  ,1
"TERRACON CONSULTANTS, INC.  ",1
"TERRAIN STUDIO, INC.  ",1
TERRES TECHNOLOGY INCORPORATED ,1
TESSOLVEDTS INC.,1
TESTEK INC,1
TETRA PAK GLOBAL INFO MANAGEMENT AMERICAS INC.,1
TETRA TECH,1
TEXAS A&M AGRILIFE RESEARCH ,1
THE ADVISORY BOARD COMPANY  ,1
THE AMERICAN UNIVERSITY IN CAIRO  ,1
"THE BECKERMAN GROUP, INC.",1
THE BLACKSTONE GROUP  ,1
THE BOSTON CONSULTING GROUP ,1
THE CHILDREN'S VILLAGE ACADEMY ,1
THE GUARDIAN LIFE INSURANCE CO. OF AMERICA ,1
THE OHIO UNIVERSITY,1
THE OLAMA CORPORATION DBA GOLDEN CORRAL RESTAURANT  ,1
"THE ONE LOGIS, INC.",1
"THE POLO CLUB OF BOCA RATON, POA, INC",1
"THE SEARCH AGENCY, INC.  ",1
THE UNDERSTANDING GROUP LLC ,1
THE UNIVERSITY OF MONTANA,1
THE UNIVERSITY OF OKLAHOMA  ,1
THE UNIVERSITY OF SOUTH DAKOTA ,1
THE UNIVERSITY OF TEXAS RIO GRANDE VALLEY  ,1
"THOMSON REUTERS (SCIENTIFIC), INC.",1
THOMSON REUTERS MARKETS LLC ,1
"THREE SIGMA SOFTWARE, INC",1
"TIDAL SYSTEMS, INC.",1
"TIGERTECH MEDIA, INC. ",1
TMC BONDS LLC,1
TOLL GLOBAL FORWARDING (USA) INC. ,1
"TOTAL GAS & POWER NORTH AMERICA, INC.",1
TRANSUNION,1
TRELLIS TECHNOLOGY SOLUTIONS LLC  ,1
TRIAD MATH AND SCIENCE ACADEMY COMPANY  ,1
TRIANZ CONSULTING INC ,1
TRIDENT CONSULTING ,1
TRIGYN TECHNOLOGIES INC. ,1
TRIMBLE NAVIGATION LIMITED  ,1
TRINET HR CORPORATION ,1
TRINITY UNIVERSITY ,1
TRIZETTO CORPORATION  ,1
"TRUE MANUFACTURING CO.,INC  ",1
"TRUECAR, INC.",1
TRUEWAY PRESBYTERIAN CHURCH ,1
TRUMAN STATE UNIVERSITY  ,1
"TRUSTED CARE AT HOME, INC.  ",1
TRW AUTOMOTIVE INC.,1
TSMC NORTH AMERICA ,1
Team Real Estate Management LLC,1
Tenneco Automotive Operating Company Inc.  ,1
The Korean Soh Myung Church ,1
The National Center for Children and Families ,1
"The New York Racing Association, Inc.",1
U.S. CELLULAR CORPORATION,1
UBS BANK USA ,1
UCARE MINNESOTA ,1
"ULTA, INC.",1
"ULTHERA, INC.",1
ULTIMATE SOFTWARE  ,1
UMT CONSULTING GROUP  ,1
"UNICOM TECHNOLOGIES, INC.",1
UNICREDIT BANK AG  ,1
UNITECH AMERICA ,1
UNITED SOFTWARE ASSOCIATES  ,1
UNIVERSA INVESTMENTS LP  ,1
UNIVERSITY OF ALABAMA ,1
UNIVERSITY OF ALABAMA AT BIRMINGHAM  ,1
"UNIVERSITY OF CALIFORNIA, IRVINE  ",1
UNIVERSITY OF DAYTON  ,1
UNIVERSITY OF MAINE,1
UNIVERSITY OF MASSACHUSETTS AMHERST  ,1
UNIVERSITY OF MINNESOTA  ,1
UNIVERSITY OF NEBRASKA MEDICAL CENTER,1
UNIVERSITY OF NORTH CAROLINA ASHEVILLE  ,1
UNIVERSITY OF NORTH CAROLINA AT CHAPEL HILL,1
UNIVERSITY OF NORTH DAKOTA  ,1
UNIVERSITY OF PENNSYLVANIA  ,1
UNIVERSITY OF SOUTHERN CALIFORNIA ,1
UNIVERSITY OF VIRGINIA,1
UNIVERSITY OF WISCONSIN-LA CROSSE ,1
UNIVERSITY OF WISCONSIN-STOUT  ,1
UPTHERE,1
URBAN SCIENCE,1
URETHANE PRODUCTS CORPORATION  ,1
"US AIRWAYS, INC ",1
US ARMY DEFENSE LANGUAGE INSTITUTE FOREIGN LA ,1
"USA WASTE MANAGEMENT RESOURCES, LLC  ",1
"UTEGRATION, INC.",1
"UTI, UNITED STATES, INC. ",1
Utilidata ,1
"VALENCE HEALTH, INC.  ",1
VASTIKA INC  ,1
"VECTOR SYSTEM, INC ",1
"VEDICSOFT SOLUTIONS, LLC.",1
"VENSI,INC.",1
VENSOFT LLC  ,1
VERINON TECHNOLOGY SOLUTIONS LIMITED ,1
"VERISK HEALTH, INC.",1
"VERIZON COMMUNICATIONS INC., & ALL ITS SUBSIDIARIES & AFFILIATES",1
"VIASAT, INC. ",1
VIDEOJET TECHNOLOGIES ,1
VIGIBOSS INC.,1
VIRGINIA RETIREMENT SYSTEM  ,1
VIRTUSA CORPORATION,1
VISA USA  ,1
"VISION PRESBYTERIAN CHURCH, INC.  ",1
VISIONET SYSTEMS INC  ,1
VISTEON CORPORATION,1
VKC Group Inc.  ,1
VORTALSOFT INC  ,1
"VSS MONITORING, INC",1
"Venecon, LLC ",1
"VizQuest Ventures, LLC",1
Vuesol Technologies Inc  ,1
"W.S. & S.K.Y, Inc d/b/a/ Shinn's Pharmacy  ",1
WACKPRO INC  ,1
WARD MEMORIAL HOSPITAL,1
"WEATHERFORD INTERNATIONAL, LLC ",1
WEBILENT TECHNOLOGY INC. ,1
WEBROOT INC. ,1
"WEBTRANS LOGISTICS, INC. ",1
"WEISS ROHLIG USA, LLC ",1
WELLESLEY COLLEGE  ,1
WELLINGTON MANAGEMENT COMPANY LLP ,1
"WELLS FARGO BANK, N.A.",1
WELLSPRING BIOSCIENCES LLC  ,1
WESLEY MEDICAL CENTER ,1
"WEST COAST CONSULTING, LLC  ",1
WHI Hotel LLC,1
"WIKIMEDIA FOUNDATION, INC.  ",1
"WILLIAMS WPC-1, LLC",1
"WILLIAMS-SONOMA, INC. ",1
WINONA STATE UNIVERSITY  ,1
WORLD CLASS WORK FORCE LP,1
WP COMPANY LLC (D/B/A THE WASHINGTON POST) ,1
WSP USA CORP ,1
Windurra USA LLC,1
Woot Services LLC  ,1
"XEROX BUSINESS SERVICES, LLC",1
XPEDITE TECHNOLOGIES INC ,1
XPERT TECHNOLOGIES INC,1
XPO LOGISTICS,1
"XTGlobal,Inc ",1
"XTIVIA, INC. ",1
"Y-PRIME, LLC ",1
YABU PUSHELBERG INC,1
YANA SOFTWARE INC  ,1
"YASHCO SYSTEMS, INC.  ",1
YBL PLLC  ,1
"YELP, INC.",1
YOUNG'S SUPPLY INC.,1
ZAR VENTURES LLC DBA AFC URGENT CARE ,1
"ZEALTECH,INC ",1
ZENITH SOFTWARE INC.  ,1
ZENMONICS INC.  ,1
"ZIMMER DENTAL, INC.",1
"ZOOSK, INC.  ",1
ZSZ ENTERPRISE INC.,1
ZipRealty LLC,1
"a.u. Vista, Inc.",1
"e2020 Technology, Inc.",1
iCore Networks  ,1
"inMotionnow, Inc.  ",1
sesen spa llc,1
superdrugsinc,1
